module	role	original_path	local_path	kind	bytes
standard	methods	/home/kyhan/test/rna-seq/yeast-denovo-standard-24sample-out/04_reports/methods.txt	/home/kyhan/test/rna-seq/yeast-denovo-standard-24sample-out/03_results/report/03_results/collected_tables/standard.methods.methods.txt	table	959
standard	subflows	/home/kyhan/test/rna-seq/yeast-denovo-standard-24sample-out/04_reports/subflows.tsv	/home/kyhan/test/rna-seq/yeast-denovo-standard-24sample-out/03_results/report/03_results/collected_tables/standard.subflows.subflows.tsv	table	959
standard	plot_files	/home/kyhan/test/rna-seq/yeast-denovo-standard-24sample-out/04_reports/plot_files.tsv	/home/kyhan/test/rna-seq/yeast-denovo-standard-24sample-out/03_results/report/03_results/collected_tables/standard.plot_files.plot_files.tsv	table	7232
de	deg_counts_barplot	/home/kyhan/test/rna-seq/yeast-denovo-standard-24sample-out/03_results/plots/png/de.deg_counts_barplot.png	/home/kyhan/test/rna-seq/yeast-denovo-standard-24sample-out/03_results/report/03_results/collected_plots/de.deg_counts_barplot.png	plot	29878
de	expression_distribution	/home/kyhan/test/rna-seq/yeast-denovo-standard-24sample-out/03_results/plots/png/de.expression_distribution.png	/home/kyhan/test/rna-seq/yeast-denovo-standard-24sample-out/03_results/report/03_results/collected_plots/de.expression_distribution.png	plot	108748
de	heatmap	/home/kyhan/test/rna-seq/yeast-denovo-standard-24sample-out/03_results/plots/png/de.heatmap.png	/home/kyhan/test/rna-seq/yeast-denovo-standard-24sample-out/03_results/report/03_results/collected_plots/de.heatmap.png	plot	88067
de	ma_plot	/home/kyhan/test/rna-seq/yeast-denovo-standard-24sample-out/03_results/plots/png/de.ma_plot.png	/home/kyhan/test/rna-seq/yeast-denovo-standard-24sample-out/03_results/report/03_results/collected_plots/de.ma_plot.png	plot	137863
de	normalized_count_distribution	/home/kyhan/test/rna-seq/yeast-denovo-standard-24sample-out/03_results/plots/png/de.normalized_count_distribution.png	/home/kyhan/test/rna-seq/yeast-denovo-standard-24sample-out/03_results/report/03_results/collected_plots/de.normalized_count_distribution.png	plot	86903
de	pca_plot	/home/kyhan/test/rna-seq/yeast-denovo-standard-24sample-out/03_results/plots/png/de.pca_plot.png	/home/kyhan/test/rna-seq/yeast-denovo-standard-24sample-out/03_results/report/03_results/collected_plots/de.pca_plot.png	plot	46731
de	sample_correlation_heatmap	/home/kyhan/test/rna-seq/yeast-denovo-standard-24sample-out/03_results/plots/png/de.sample_correlation_heatmap.png	/home/kyhan/test/rna-seq/yeast-denovo-standard-24sample-out/03_results/report/03_results/collected_plots/de.sample_correlation_heatmap.png	plot	184306
de	top_genes_expression	/home/kyhan/test/rna-seq/yeast-denovo-standard-24sample-out/03_results/plots/png/de.top_genes_expression.png	/home/kyhan/test/rna-seq/yeast-denovo-standard-24sample-out/03_results/report/03_results/collected_plots/de.top_genes_expression.png	plot	160924
de	volcano_plot	/home/kyhan/test/rna-seq/yeast-denovo-standard-24sample-out/03_results/plots/png/de.volcano_plot.png	/home/kyhan/test/rna-seq/yeast-denovo-standard-24sample-out/03_results/report/03_results/collected_plots/de.volcano_plot.png	plot	86983
enrichment	dotplot	/home/kyhan/test/rna-seq/yeast-denovo-standard-24sample-out/03_results/plots/png/enrichment.dotplot.png	/home/kyhan/test/rna-seq/yeast-denovo-standard-24sample-out/03_results/report/03_results/collected_plots/enrichment.dotplot.png	plot	279705
enrichment	dotplot_original	/home/kyhan/test/rna-seq/yeast-denovo-standard-24sample-out/03_results/plots/png/enrichment.dotplot_original.png	/home/kyhan/test/rna-seq/yeast-denovo-standard-24sample-out/03_results/report/03_results/collected_plots/enrichment.dotplot_original.png	plot	308872
enrichment	gsea_enrichment_curves	/home/kyhan/test/rna-seq/yeast-denovo-standard-24sample-out/03_results/plots/png/enrichment.gsea_enrichment_curves.png	/home/kyhan/test/rna-seq/yeast-denovo-standard-24sample-out/03_results/report/03_results/collected_plots/enrichment.gsea_enrichment_curves.png	plot	271480
enrichment	gsea_nes_plot	/home/kyhan/test/rna-seq/yeast-denovo-standard-24sample-out/03_results/plots/png/enrichment.gsea_nes_plot.png	/home/kyhan/test/rna-seq/yeast-denovo-standard-24sample-out/03_results/report/03_results/collected_plots/enrichment.gsea_nes_plot.png	plot	306854
enrichment	ora_barplot	/home/kyhan/test/rna-seq/yeast-denovo-standard-24sample-out/03_results/plots/png/enrichment.ora_barplot.png	/home/kyhan/test/rna-seq/yeast-denovo-standard-24sample-out/03_results/report/03_results/collected_plots/enrichment.ora_barplot.png	plot	305810
de	deg_counts_barplot	/home/kyhan/test/rna-seq/yeast-denovo-standard-24sample-out/03_results/plots/pdf/de.deg_counts_barplot.pdf	/home/kyhan/test/rna-seq/yeast-denovo-standard-24sample-out/03_results/report/03_results/collected_plots/de.deg_counts_barplot.pdf	plot	4805
de	expression_distribution	/home/kyhan/test/rna-seq/yeast-denovo-standard-24sample-out/03_results/plots/pdf/de.expression_distribution.pdf	/home/kyhan/test/rna-seq/yeast-denovo-standard-24sample-out/03_results/report/03_results/collected_plots/de.expression_distribution.pdf	plot	303347
de	heatmap	/home/kyhan/test/rna-seq/yeast-denovo-standard-24sample-out/03_results/plots/pdf/de.heatmap.pdf	/home/kyhan/test/rna-seq/yeast-denovo-standard-24sample-out/03_results/report/03_results/collected_plots/de.heatmap.pdf	plot	13532
de	ma_plot	/home/kyhan/test/rna-seq/yeast-denovo-standard-24sample-out/03_results/plots/pdf/de.ma_plot.pdf	/home/kyhan/test/rna-seq/yeast-denovo-standard-24sample-out/03_results/report/03_results/collected_plots/de.ma_plot.pdf	plot	544785
de	normalized_count_distribution	/home/kyhan/test/rna-seq/yeast-denovo-standard-24sample-out/03_results/plots/pdf/de.normalized_count_distribution.pdf	/home/kyhan/test/rna-seq/yeast-denovo-standard-24sample-out/03_results/report/03_results/collected_plots/de.normalized_count_distribution.pdf	plot	44837
de	pca_plot	/home/kyhan/test/rna-seq/yeast-denovo-standard-24sample-out/03_results/plots/pdf/de.pca_plot.pdf	/home/kyhan/test/rna-seq/yeast-denovo-standard-24sample-out/03_results/report/03_results/collected_plots/de.pca_plot.pdf	plot	6945
de	sample_correlation_heatmap	/home/kyhan/test/rna-seq/yeast-denovo-standard-24sample-out/03_results/plots/pdf/de.sample_correlation_heatmap.pdf	/home/kyhan/test/rna-seq/yeast-denovo-standard-24sample-out/03_results/report/03_results/collected_plots/de.sample_correlation_heatmap.pdf	plot	10015
de	top_genes_expression	/home/kyhan/test/rna-seq/yeast-denovo-standard-24sample-out/03_results/plots/pdf/de.top_genes_expression.pdf	/home/kyhan/test/rna-seq/yeast-denovo-standard-24sample-out/03_results/report/03_results/collected_plots/de.top_genes_expression.pdf	plot	24811
de	volcano_plot	/home/kyhan/test/rna-seq/yeast-denovo-standard-24sample-out/03_results/plots/pdf/de.volcano_plot.pdf	/home/kyhan/test/rna-seq/yeast-denovo-standard-24sample-out/03_results/report/03_results/collected_plots/de.volcano_plot.pdf	plot	408308
enrichment	dotplot	/home/kyhan/test/rna-seq/yeast-denovo-standard-24sample-out/03_results/plots/pdf/enrichment.dotplot.pdf	/home/kyhan/test/rna-seq/yeast-denovo-standard-24sample-out/03_results/report/03_results/collected_plots/enrichment.dotplot.pdf	plot	9342
enrichment	dotplot_original	/home/kyhan/test/rna-seq/yeast-denovo-standard-24sample-out/03_results/plots/pdf/enrichment.dotplot_original.pdf	/home/kyhan/test/rna-seq/yeast-denovo-standard-24sample-out/03_results/report/03_results/collected_plots/enrichment.dotplot_original.pdf	plot	9136
enrichment	gsea_enrichment_curves	/home/kyhan/test/rna-seq/yeast-denovo-standard-24sample-out/03_results/plots/pdf/enrichment.gsea_enrichment_curves.pdf	/home/kyhan/test/rna-seq/yeast-denovo-standard-24sample-out/03_results/report/03_results/collected_plots/enrichment.gsea_enrichment_curves.pdf	plot	248701
enrichment	gsea_nes_plot	/home/kyhan/test/rna-seq/yeast-denovo-standard-24sample-out/03_results/plots/pdf/enrichment.gsea_nes_plot.pdf	/home/kyhan/test/rna-seq/yeast-denovo-standard-24sample-out/03_results/report/03_results/collected_plots/enrichment.gsea_nes_plot.pdf	plot	6718
enrichment	ora_barplot	/home/kyhan/test/rna-seq/yeast-denovo-standard-24sample-out/03_results/plots/pdf/enrichment.ora_barplot.pdf	/home/kyhan/test/rna-seq/yeast-denovo-standard-24sample-out/03_results/report/03_results/collected_plots/enrichment.ora_barplot.pdf	plot	7377
de	flow_summary	/home/kyhan/test/rna-seq/yeast-denovo-standard-24sample-out/03_results/de/04_reports/flow_summary.tsv	/home/kyhan/test/rna-seq/yeast-denovo-standard-24sample-out/03_results/report/03_results/collected_tables/de.flow_summary.flow_summary.tsv	table	242
de	methods	/home/kyhan/test/rna-seq/yeast-denovo-standard-24sample-out/03_results/de/04_reports/methods.txt	/home/kyhan/test/rna-seq/yeast-denovo-standard-24sample-out/03_results/report/03_results/collected_tables/de.methods.methods.txt	table	763
de	manifest	/home/kyhan/test/rna-seq/yeast-denovo-standard-24sample-out/03_results/de/run.manifest.json	/home/kyhan/test/rna-seq/yeast-denovo-standard-24sample-out/03_results/report/03_results/collected_tables/de.manifest.run.manifest.json	table	3128
de	summary	/home/kyhan/test/rna-seq/yeast-denovo-standard-24sample-out/03_results/de/04_reports/de_summary.tsv	/home/kyhan/test/rna-seq/yeast-denovo-standard-24sample-out/03_results/report/03_results/collected_tables/de.summary.de_summary.tsv	table	242
de	contrasts	/home/kyhan/test/rna-seq/yeast-denovo-standard-24sample-out/03_results/de/04_reports/contrasts.tsv	/home/kyhan/test/rna-seq/yeast-denovo-standard-24sample-out/03_results/report/03_results/collected_tables/de.contrasts.contrasts.tsv	table	99
de	results	/home/kyhan/test/rna-seq/yeast-denovo-standard-24sample-out/03_results/de/03_results/de/results.tsv	/home/kyhan/test/rna-seq/yeast-denovo-standard-24sample-out/03_results/report/03_results/collected_tables/de.results.results.tsv	table	1268336
de	results_shrunken	/home/kyhan/test/rna-seq/yeast-denovo-standard-24sample-out/03_results/de/03_results/de/results_shrunken.tsv	/home/kyhan/test/rna-seq/yeast-denovo-standard-24sample-out/03_results/report/03_results/collected_tables/de.results_shrunken.results_shrunken.tsv	table	1268336
de	normalized_counts	/home/kyhan/test/rna-seq/yeast-denovo-standard-24sample-out/03_results/de/03_results/de/normalized_counts.tsv	/home/kyhan/test/rna-seq/yeast-denovo-standard-24sample-out/03_results/report/03_results/collected_tables/de.normalized_counts.normalized_counts.tsv	table	3791687
de	vst_matrix	/home/kyhan/test/rna-seq/yeast-denovo-standard-24sample-out/03_results/de/03_results/de/vst_matrix.tsv	/home/kyhan/test/rna-seq/yeast-denovo-standard-24sample-out/03_results/report/03_results/collected_tables/de.vst_matrix.vst_matrix.tsv	table	4122373
de	significant_genes	/home/kyhan/test/rna-seq/yeast-denovo-standard-24sample-out/03_results/de/03_results/gene_lists/significant_genes.tsv	/home/kyhan/test/rna-seq/yeast-denovo-standard-24sample-out/03_results/report/03_results/collected_tables/de.significant_genes.significant_genes.tsv	table	43927
de	up_genes	/home/kyhan/test/rna-seq/yeast-denovo-standard-24sample-out/03_results/de/03_results/gene_lists/up_genes.tsv	/home/kyhan/test/rna-seq/yeast-denovo-standard-24sample-out/03_results/report/03_results/collected_tables/de.up_genes.up_genes.tsv	table	13472
de	down_genes	/home/kyhan/test/rna-seq/yeast-denovo-standard-24sample-out/03_results/de/03_results/gene_lists/down_genes.tsv	/home/kyhan/test/rna-seq/yeast-denovo-standard-24sample-out/03_results/report/03_results/collected_tables/de.down_genes.down_genes.tsv	table	30483
de	ranked_genes	/home/kyhan/test/rna-seq/yeast-denovo-standard-24sample-out/03_results/de/03_results/gene_lists/ranked_genes.tsv	/home/kyhan/test/rna-seq/yeast-denovo-standard-24sample-out/03_results/report/03_results/collected_tables/de.ranked_genes.ranked_genes.tsv	table	400001
de	plot_summary	/home/kyhan/test/rna-seq/yeast-denovo-standard-24sample-out/03_results/de/03_results/plots/plot_summary.tsv	/home/kyhan/test/rna-seq/yeast-denovo-standard-24sample-out/03_results/report/03_results/collected_tables/de.plot_summary.plot_summary.tsv	table	283
enrichment	flow_summary	/home/kyhan/test/rna-seq/yeast-denovo-standard-24sample-out/03_results/enrichment/04_reports/flow_summary.tsv	/home/kyhan/test/rna-seq/yeast-denovo-standard-24sample-out/03_results/report/03_results/collected_tables/enrichment.flow_summary.flow_summary.tsv	table	592
enrichment	methods	/home/kyhan/test/rna-seq/yeast-denovo-standard-24sample-out/03_results/enrichment/04_reports/methods.txt	/home/kyhan/test/rna-seq/yeast-denovo-standard-24sample-out/03_results/report/03_results/collected_tables/enrichment.methods.methods.txt	table	901
enrichment	manifest	/home/kyhan/test/rna-seq/yeast-denovo-standard-24sample-out/03_results/enrichment/run.manifest.json	/home/kyhan/test/rna-seq/yeast-denovo-standard-24sample-out/03_results/report/03_results/collected_tables/enrichment.manifest.run.manifest.json	table	3734
enrichment	summary	/home/kyhan/test/rna-seq/yeast-denovo-standard-24sample-out/03_results/enrichment/03_results/enrichment/enrichment_summary.tsv	/home/kyhan/test/rna-seq/yeast-denovo-standard-24sample-out/03_results/report/03_results/collected_tables/enrichment.summary.enrichment_summary.tsv	table	224
enrichment	ora_results	/home/kyhan/test/rna-seq/yeast-denovo-standard-24sample-out/03_results/enrichment/03_results/enrichment/ora_results.tsv	/home/kyhan/test/rna-seq/yeast-denovo-standard-24sample-out/03_results/report/03_results/collected_tables/enrichment.ora_results.ora_results.tsv	table	317091
enrichment	gsea_results	/home/kyhan/test/rna-seq/yeast-denovo-standard-24sample-out/03_results/enrichment/03_results/enrichment/gsea_results.tsv	/home/kyhan/test/rna-seq/yeast-denovo-standard-24sample-out/03_results/report/03_results/collected_tables/enrichment.gsea_results.gsea_results.tsv	table	1292044
enrichment	dotplot_source	/home/kyhan/test/rna-seq/yeast-denovo-standard-24sample-out/03_results/enrichment/03_results/enrichment/dotplot_source.tsv	/home/kyhan/test/rna-seq/yeast-denovo-standard-24sample-out/03_results/report/03_results/collected_tables/enrichment.dotplot_source.dotplot_source.tsv	table	421
enrichment	plot_summary	/home/kyhan/test/rna-seq/yeast-denovo-standard-24sample-out/03_results/enrichment/03_results/enrichment/plot_summary.tsv	/home/kyhan/test/rna-seq/yeast-denovo-standard-24sample-out/03_results/report/03_results/collected_tables/enrichment.plot_summary.plot_summary.tsv	table	1611
denovo_assembly	flow_summary	/home/kyhan/test/rna-seq/yeast-denovo-standard-24sample-out/03_results/denovo_assembly/04_reports/flow_summary.tsv	/home/kyhan/test/rna-seq/yeast-denovo-standard-24sample-out/03_results/report/03_results/collected_tables/denovo_assembly.flow_summary.flow_summary.tsv	table	340
denovo_assembly	methods	/home/kyhan/test/rna-seq/yeast-denovo-standard-24sample-out/03_results/denovo_assembly/04_reports/methods.txt	/home/kyhan/test/rna-seq/yeast-denovo-standard-24sample-out/03_results/report/03_results/collected_tables/denovo_assembly.methods.methods.txt	table	674
denovo_assembly	manifest	/home/kyhan/test/rna-seq/yeast-denovo-standard-24sample-out/03_results/denovo_assembly/run.manifest.json	/home/kyhan/test/rna-seq/yeast-denovo-standard-24sample-out/03_results/report/03_results/collected_tables/denovo_assembly.manifest.run.manifest.json	table	2028
denovo_assembly	summary	/home/kyhan/test/rna-seq/yeast-denovo-standard-24sample-out/03_results/denovo_assembly/04_reports/assembly_summary.tsv	/home/kyhan/test/rna-seq/yeast-denovo-standard-24sample-out/03_results/report/03_results/collected_tables/denovo_assembly.summary.assembly_summary.tsv	table	894
denovo_assembly	assembly_stats	/home/kyhan/test/rna-seq/yeast-denovo-standard-24sample-out/03_results/denovo_assembly/03_results/assembly_qc/assembly_stats.tsv	/home/kyhan/test/rna-seq/yeast-denovo-standard-24sample-out/03_results/report/03_results/collected_tables/denovo_assembly.assembly_stats.assembly_stats.tsv	table	322
denovo_assembly	seqkit_stats	/home/kyhan/test/rna-seq/yeast-denovo-standard-24sample-out/03_results/denovo_assembly/03_results/assembly_qc/seqkit_stats.tsv	/home/kyhan/test/rna-seq/yeast-denovo-standard-24sample-out/03_results/report/03_results/collected_tables/denovo_assembly.seqkit_stats.seqkit_stats.tsv	table	560
denovo_assembly	read_support	/home/kyhan/test/rna-seq/yeast-denovo-standard-24sample-out/03_results/denovo_assembly/03_results/assembly_qc/read_support.tsv	/home/kyhan/test/rna-seq/yeast-denovo-standard-24sample-out/03_results/report/03_results/collected_tables/denovo_assembly.read_support.read_support.tsv	table	3512
denovo_assembly	busco_summary	/home/kyhan/test/rna-seq/yeast-denovo-standard-24sample-out/03_results/denovo_assembly/03_results/assembly_qc/busco_summary.tsv	/home/kyhan/test/rna-seq/yeast-denovo-standard-24sample-out/03_results/report/03_results/collected_tables/denovo_assembly.busco_summary.busco_summary.tsv	table	68
denovo_assembly	multiqc	/home/kyhan/test/rna-seq/yeast-denovo-standard-24sample-out/03_results/denovo_assembly/04_reports/multiqc_report.html	/home/kyhan/test/rna-seq/yeast-denovo-standard-24sample-out/03_results/report/03_results/collected_html/denovo_assembly.multiqc/index.html	html	2717554
denovo_expression	flow_summary	/home/kyhan/test/rna-seq/yeast-denovo-standard-24sample-out/03_results/denovo_expression/04_reports/flow_summary.tsv	/home/kyhan/test/rna-seq/yeast-denovo-standard-24sample-out/03_results/report/03_results/collected_tables/denovo_expression.flow_summary.flow_summary.tsv	table	202
denovo_expression	methods	/home/kyhan/test/rna-seq/yeast-denovo-standard-24sample-out/03_results/denovo_expression/04_reports/methods.txt	/home/kyhan/test/rna-seq/yeast-denovo-standard-24sample-out/03_results/report/03_results/collected_tables/denovo_expression.methods.methods.txt	table	572
denovo_expression	manifest	/home/kyhan/test/rna-seq/yeast-denovo-standard-24sample-out/03_results/denovo_expression/run.manifest.json	/home/kyhan/test/rna-seq/yeast-denovo-standard-24sample-out/03_results/report/03_results/collected_tables/denovo_expression.manifest.run.manifest.json	table	1819
denovo_expression	summary	/home/kyhan/test/rna-seq/yeast-denovo-standard-24sample-out/03_results/denovo_expression/04_reports/expression_summary.tsv	/home/kyhan/test/rna-seq/yeast-denovo-standard-24sample-out/03_results/report/03_results/collected_tables/denovo_expression.summary.expression_summary.tsv	table	3654
denovo_expression	quant_files	/home/kyhan/test/rna-seq/yeast-denovo-standard-24sample-out/03_results/denovo_expression/04_reports/quant_files.tsv	/home/kyhan/test/rna-seq/yeast-denovo-standard-24sample-out/03_results/report/03_results/collected_tables/denovo_expression.quant_files.quant_files.tsv	table	3180
denovo_expression	matrix_semantics	/home/kyhan/test/rna-seq/yeast-denovo-standard-24sample-out/03_results/denovo_expression/04_reports/matrix_semantics.tsv	/home/kyhan/test/rna-seq/yeast-denovo-standard-24sample-out/03_results/report/03_results/collected_tables/denovo_expression.matrix_semantics.matrix_semantics.tsv	table	425
denovo_expression	mapping_summary	/home/kyhan/test/rna-seq/yeast-denovo-standard-24sample-out/03_results/denovo_expression/04_reports/mapping_summary.tsv	/home/kyhan/test/rna-seq/yeast-denovo-standard-24sample-out/03_results/report/03_results/collected_tables/denovo_expression.mapping_summary.mapping_summary.tsv	table	84
denovo_expression	transcript_stats	/home/kyhan/test/rna-seq/yeast-denovo-standard-24sample-out/03_results/denovo_expression/04_reports/transcript_stats.tsv	/home/kyhan/test/rna-seq/yeast-denovo-standard-24sample-out/03_results/report/03_results/collected_tables/denovo_expression.transcript_stats.transcript_stats.tsv	table	315
denovo_expression	transcript_counts	/home/kyhan/test/rna-seq/yeast-denovo-standard-24sample-out/03_results/denovo_expression/03_results/matrices/transcript_counts.tsv	/home/kyhan/test/rna-seq/yeast-denovo-standard-24sample-out/03_results/report/03_results/collected_tables/denovo_expression.transcript_counts.transcript_counts.tsv	table	834335
denovo_expression	transcript_tpm	/home/kyhan/test/rna-seq/yeast-denovo-standard-24sample-out/03_results/denovo_expression/03_results/matrices/transcript_tpm.tsv	/home/kyhan/test/rna-seq/yeast-denovo-standard-24sample-out/03_results/report/03_results/collected_tables/denovo_expression.transcript_tpm.transcript_tpm.tsv	table	1910702
denovo_expression	multiqc	/home/kyhan/test/rna-seq/yeast-denovo-standard-24sample-out/03_results/denovo_expression/04_reports/multiqc_report.html	/home/kyhan/test/rna-seq/yeast-denovo-standard-24sample-out/03_results/report/03_results/collected_html/denovo_expression.multiqc/index.html	html	2764034
denovo_expression	fastqc_SNF2KO_01	/home/kyhan/test/rna-seq/yeast-denovo-standard-24sample-out/03_results/denovo_expression/03_results/fastqc/SNF2KO_01/SNF2KO_01_fastqc.html	/home/kyhan/test/rna-seq/yeast-denovo-standard-24sample-out/03_results/report/03_results/collected_html/denovo_expression.fastqc_SNF2KO_01/index.html	html	637292
denovo_expression	fastqc_SNF2KO_02	/home/kyhan/test/rna-seq/yeast-denovo-standard-24sample-out/03_results/denovo_expression/03_results/fastqc/SNF2KO_02/SNF2KO_02_fastqc.html	/home/kyhan/test/rna-seq/yeast-denovo-standard-24sample-out/03_results/report/03_results/collected_html/denovo_expression.fastqc_SNF2KO_02/index.html	html	639520
denovo_expression	fastqc_SNF2KO_03	/home/kyhan/test/rna-seq/yeast-denovo-standard-24sample-out/03_results/denovo_expression/03_results/fastqc/SNF2KO_03/SNF2KO_03_fastqc.html	/home/kyhan/test/rna-seq/yeast-denovo-standard-24sample-out/03_results/report/03_results/collected_html/denovo_expression.fastqc_SNF2KO_03/index.html	html	641536
denovo_expression	fastqc_SNF2KO_04	/home/kyhan/test/rna-seq/yeast-denovo-standard-24sample-out/03_results/denovo_expression/03_results/fastqc/SNF2KO_04/SNF2KO_04_fastqc.html	/home/kyhan/test/rna-seq/yeast-denovo-standard-24sample-out/03_results/report/03_results/collected_html/denovo_expression.fastqc_SNF2KO_04/index.html	html	639432
denovo_expression	fastqc_SNF2KO_05	/home/kyhan/test/rna-seq/yeast-denovo-standard-24sample-out/03_results/denovo_expression/03_results/fastqc/SNF2KO_05/SNF2KO_05_fastqc.html	/home/kyhan/test/rna-seq/yeast-denovo-standard-24sample-out/03_results/report/03_results/collected_html/denovo_expression.fastqc_SNF2KO_05/index.html	html	635140
denovo_expression	fastqc_SNF2KO_06	/home/kyhan/test/rna-seq/yeast-denovo-standard-24sample-out/03_results/denovo_expression/03_results/fastqc/SNF2KO_06/SNF2KO_06_fastqc.html	/home/kyhan/test/rna-seq/yeast-denovo-standard-24sample-out/03_results/report/03_results/collected_html/denovo_expression.fastqc_SNF2KO_06/index.html	html	637256
denovo_expression	fastqc_SNF2KO_07	/home/kyhan/test/rna-seq/yeast-denovo-standard-24sample-out/03_results/denovo_expression/03_results/fastqc/SNF2KO_07/SNF2KO_07_fastqc.html	/home/kyhan/test/rna-seq/yeast-denovo-standard-24sample-out/03_results/report/03_results/collected_html/denovo_expression.fastqc_SNF2KO_07/index.html	html	636276
denovo_expression	fastqc_SNF2KO_08	/home/kyhan/test/rna-seq/yeast-denovo-standard-24sample-out/03_results/denovo_expression/03_results/fastqc/SNF2KO_08/SNF2KO_08_fastqc.html	/home/kyhan/test/rna-seq/yeast-denovo-standard-24sample-out/03_results/report/03_results/collected_html/denovo_expression.fastqc_SNF2KO_08/index.html	html	640959
denovo_expression	fastqc_SNF2KO_09	/home/kyhan/test/rna-seq/yeast-denovo-standard-24sample-out/03_results/denovo_expression/03_results/fastqc/SNF2KO_09/SNF2KO_09_fastqc.html	/home/kyhan/test/rna-seq/yeast-denovo-standard-24sample-out/03_results/report/03_results/collected_html/denovo_expression.fastqc_SNF2KO_09/index.html	html	639552
denovo_expression	fastqc_SNF2KO_10	/home/kyhan/test/rna-seq/yeast-denovo-standard-24sample-out/03_results/denovo_expression/03_results/fastqc/SNF2KO_10/SNF2KO_10_fastqc.html	/home/kyhan/test/rna-seq/yeast-denovo-standard-24sample-out/03_results/report/03_results/collected_html/denovo_expression.fastqc_SNF2KO_10/index.html	html	642404
denovo_expression	fastqc_SNF2KO_11	/home/kyhan/test/rna-seq/yeast-denovo-standard-24sample-out/03_results/denovo_expression/03_results/fastqc/SNF2KO_11/SNF2KO_11_fastqc.html	/home/kyhan/test/rna-seq/yeast-denovo-standard-24sample-out/03_results/report/03_results/collected_html/denovo_expression.fastqc_SNF2KO_11/index.html	html	641680
denovo_expression	fastqc_SNF2KO_12	/home/kyhan/test/rna-seq/yeast-denovo-standard-24sample-out/03_results/denovo_expression/03_results/fastqc/SNF2KO_12/SNF2KO_12_fastqc.html	/home/kyhan/test/rna-seq/yeast-denovo-standard-24sample-out/03_results/report/03_results/collected_html/denovo_expression.fastqc_SNF2KO_12/index.html	html	637176
denovo_expression	fastqc_WT_01	/home/kyhan/test/rna-seq/yeast-denovo-standard-24sample-out/03_results/denovo_expression/03_results/fastqc/WT_01/WT_01_fastqc.html	/home/kyhan/test/rna-seq/yeast-denovo-standard-24sample-out/03_results/report/03_results/collected_html/denovo_expression.fastqc_WT_01/index.html	html	639960
denovo_expression	fastqc_WT_02	/home/kyhan/test/rna-seq/yeast-denovo-standard-24sample-out/03_results/denovo_expression/03_results/fastqc/WT_02/WT_02_fastqc.html	/home/kyhan/test/rna-seq/yeast-denovo-standard-24sample-out/03_results/report/03_results/collected_html/denovo_expression.fastqc_WT_02/index.html	html	639252
denovo_expression	fastqc_WT_03	/home/kyhan/test/rna-seq/yeast-denovo-standard-24sample-out/03_results/denovo_expression/03_results/fastqc/WT_03/WT_03_fastqc.html	/home/kyhan/test/rna-seq/yeast-denovo-standard-24sample-out/03_results/report/03_results/collected_html/denovo_expression.fastqc_WT_03/index.html	html	642872
denovo_expression	fastqc_WT_04	/home/kyhan/test/rna-seq/yeast-denovo-standard-24sample-out/03_results/denovo_expression/03_results/fastqc/WT_04/WT_04_fastqc.html	/home/kyhan/test/rna-seq/yeast-denovo-standard-24sample-out/03_results/report/03_results/collected_html/denovo_expression.fastqc_WT_04/index.html	html	639540
denovo_expression	fastqc_WT_05	/home/kyhan/test/rna-seq/yeast-denovo-standard-24sample-out/03_results/denovo_expression/03_results/fastqc/WT_05/WT_05_fastqc.html	/home/kyhan/test/rna-seq/yeast-denovo-standard-24sample-out/03_results/report/03_results/collected_html/denovo_expression.fastqc_WT_05/index.html	html	639568
denovo_expression	fastqc_WT_06	/home/kyhan/test/rna-seq/yeast-denovo-standard-24sample-out/03_results/denovo_expression/03_results/fastqc/WT_06/WT_06_fastqc.html	/home/kyhan/test/rna-seq/yeast-denovo-standard-24sample-out/03_results/report/03_results/collected_html/denovo_expression.fastqc_WT_06/index.html	html	639308
denovo_expression	fastqc_WT_07	/home/kyhan/test/rna-seq/yeast-denovo-standard-24sample-out/03_results/denovo_expression/03_results/fastqc/WT_07/WT_07_fastqc.html	/home/kyhan/test/rna-seq/yeast-denovo-standard-24sample-out/03_results/report/03_results/collected_html/denovo_expression.fastqc_WT_07/index.html	html	641036
denovo_expression	fastqc_WT_08	/home/kyhan/test/rna-seq/yeast-denovo-standard-24sample-out/03_results/denovo_expression/03_results/fastqc/WT_08/WT_08_fastqc.html	/home/kyhan/test/rna-seq/yeast-denovo-standard-24sample-out/03_results/report/03_results/collected_html/denovo_expression.fastqc_WT_08/index.html	html	636684
denovo_expression	fastqc_WT_09	/home/kyhan/test/rna-seq/yeast-denovo-standard-24sample-out/03_results/denovo_expression/03_results/fastqc/WT_09/WT_09_fastqc.html	/home/kyhan/test/rna-seq/yeast-denovo-standard-24sample-out/03_results/report/03_results/collected_html/denovo_expression.fastqc_WT_09/index.html	html	640692
denovo_expression	fastqc_WT_10	/home/kyhan/test/rna-seq/yeast-denovo-standard-24sample-out/03_results/denovo_expression/03_results/fastqc/WT_10/WT_10_fastqc.html	/home/kyhan/test/rna-seq/yeast-denovo-standard-24sample-out/03_results/report/03_results/collected_html/denovo_expression.fastqc_WT_10/index.html	html	641416
denovo_expression	fastqc_WT_11	/home/kyhan/test/rna-seq/yeast-denovo-standard-24sample-out/03_results/denovo_expression/03_results/fastqc/WT_11/WT_11_fastqc.html	/home/kyhan/test/rna-seq/yeast-denovo-standard-24sample-out/03_results/report/03_results/collected_html/denovo_expression.fastqc_WT_11/index.html	html	642944
denovo_expression	fastqc_WT_12	/home/kyhan/test/rna-seq/yeast-denovo-standard-24sample-out/03_results/denovo_expression/03_results/fastqc/WT_12/WT_12_fastqc.html	/home/kyhan/test/rna-seq/yeast-denovo-standard-24sample-out/03_results/report/03_results/collected_html/denovo_expression.fastqc_WT_12/index.html	html	641040
denovo_annotation	flow_summary	/home/kyhan/test/rna-seq/yeast-denovo-standard-24sample-out/03_results/denovo_annotation/04_reports/flow_summary.tsv	/home/kyhan/test/rna-seq/yeast-denovo-standard-24sample-out/03_results/report/03_results/collected_tables/denovo_annotation.flow_summary.flow_summary.tsv	table	312
denovo_annotation	methods	/home/kyhan/test/rna-seq/yeast-denovo-standard-24sample-out/03_results/denovo_annotation/04_reports/methods.txt	/home/kyhan/test/rna-seq/yeast-denovo-standard-24sample-out/03_results/report/03_results/collected_tables/denovo_annotation.methods.methods.txt	table	682
denovo_annotation	manifest	/home/kyhan/test/rna-seq/yeast-denovo-standard-24sample-out/03_results/denovo_annotation/run.manifest.json	/home/kyhan/test/rna-seq/yeast-denovo-standard-24sample-out/03_results/report/03_results/collected_tables/denovo_annotation.manifest.run.manifest.json	table	2259
denovo_annotation	summary	/home/kyhan/test/rna-seq/yeast-denovo-standard-24sample-out/03_results/denovo_annotation/04_reports/annotation_summary.tsv	/home/kyhan/test/rna-seq/yeast-denovo-standard-24sample-out/03_results/report/03_results/collected_tables/denovo_annotation.summary.annotation_summary.tsv	table	304
denovo_annotation	transcript_stats	/home/kyhan/test/rna-seq/yeast-denovo-standard-24sample-out/03_results/denovo_annotation/04_reports/transcript_stats.tsv	/home/kyhan/test/rna-seq/yeast-denovo-standard-24sample-out/03_results/report/03_results/collected_tables/denovo_annotation.transcript_stats.transcript_stats.tsv	table	315
denovo_annotation	annotation_inputs	/home/kyhan/test/rna-seq/yeast-denovo-standard-24sample-out/03_results/denovo_annotation/00_inputs/annotation_inputs.tsv	/home/kyhan/test/rna-seq/yeast-denovo-standard-24sample-out/03_results/report/03_results/collected_tables/denovo_annotation.annotation_inputs.annotation_inputs.tsv	table	444
denovo_annotation	protein_hits	/home/kyhan/test/rna-seq/yeast-denovo-standard-24sample-out/03_results/denovo_annotation/03_results/annotation/protein_hits.tsv	/home/kyhan/test/rna-seq/yeast-denovo-standard-24sample-out/03_results/report/03_results/collected_tables/denovo_annotation.protein_hits.protein_hits.tsv	table	3802683
denovo_annotation	transcript_annotation	/home/kyhan/test/rna-seq/yeast-denovo-standard-24sample-out/03_results/denovo_annotation/03_results/annotation/transcript_annotation.tsv	/home/kyhan/test/rna-seq/yeast-denovo-standard-24sample-out/03_results/report/03_results/collected_tables/denovo_annotation.transcript_annotation.transcript_annotation.tsv	table	5218153
denovo_annotation	id_mapping	/home/kyhan/test/rna-seq/yeast-denovo-standard-24sample-out/03_results/denovo_annotation/03_results/annotation/id_mapping.tsv	/home/kyhan/test/rna-seq/yeast-denovo-standard-24sample-out/03_results/report/03_results/collected_tables/denovo_annotation.id_mapping.id_mapping.tsv	table	877337
denovo_annotation	denovo_go	/home/kyhan/test/rna-seq/yeast-denovo-standard-24sample-out/03_results/denovo_annotation/03_results/gene_sets/denovo_go.gmt	/home/kyhan/test/rna-seq/yeast-denovo-standard-24sample-out/03_results/report/03_results/collected_tables/denovo_annotation.denovo_go.denovo_go.gmt	table	2885484
denovo_annotation	denovo_background	/home/kyhan/test/rna-seq/yeast-denovo-standard-24sample-out/03_results/denovo_annotation/03_results/gene_sets/denovo_background.tsv	/home/kyhan/test/rna-seq/yeast-denovo-standard-24sample-out/03_results/report/03_results/collected_tables/denovo_annotation.denovo_background.denovo_background.tsv	table	203191
